{"cameraMode":{"drawMode":0,"name":"Shaded","section":"Shading Mode"},"sceneLighting":true,"audioPlay":false,"sceneViewState":{"m_AlwaysRefresh":false,"showFog":true,"showSkybox":true,"showFlares":true,"showImageEffects":true,"showParticleSystems":true,"showVisualEffectGraphs":true,"m_FxEnabled":true},"in2DMode":false,"pivot":{"x":5.533864974975586,"y":-12.016653060913086,"z":14.767232894897461},"rotation":{"x":-0.47791048884391787,"y":-0.010015950538218022,"z":0.005449910182505846,"w":-0.8783341646194458},"size":14.430914878845215,"orthographic":false}